{"accuracy": {"simple": 9.08108108108108, "moderate": 3.4408602150537635, "challenging": 2.083333333333333, "total": 6.7144719687092564}}