{"accuracy": {"simple": 32.21621621621622, "moderate": 11.827956989247312, "challenging": 10.416666666666668, "total": 23.989569752281618}}