{"accuracy": {"simple": 10.162162162162163, "moderate": 4.301075268817205, "challenging": 5.555555555555555, "total": 7.953063885267275}}