{"accuracy": {"simple": 0.7567567567567568, "moderate": 0.21505376344086022, "challenging": 0.0, "total": 0.5215123859191656}}