{"accuracy": {"simple": 2.1621621621621623, "moderate": 0.43010752688172044, "challenging": 0.0, "total": 1.4341590612777053}}