{
    "accuracy": {
        "simple": 8.0,
        "moderate": 3.655913978494624,
        "challenging": 0.6944444444444444,
        "total": 5.9973924380704045
    }
}