{
    "accuracy": {
        "simple": 28.216216216216218,
        "moderate": 9.67741935483871,
        "challenging": 13.194444444444445,
        "total": 21.1864406779661
    }
}