{
    "accuracy": {
        "simple": 9.297297297297296,
        "moderate": 2.795698924731183,
        "challenging": 1.3888888888888888,
        "total": 6.584093872229466
    }
}