{"accuracy": {"simple": 1.9459459459459458, "moderate": 0.8602150537634409, "challenging": 0.0, "total": 1.4341590612777053}}