{"accuracy": {"simple": 10.91891891891892, "moderate": 2.795698924731183, "challenging": 2.7777777777777777, "total": 7.6923076923076925}}