{"accuracy": {"simple": 1.1891891891891893, "moderate": 0.6451612903225806, "challenging": 0.6944444444444444, "total": 0.9778357235984355}}