{"accuracy": {"simple": 1.7297297297297298, "moderate": 1.2903225806451613, "challenging": 1.3888888888888888, "total": 1.564537157757497}}