{"accuracy": {"simple": 10.81081081081081, "moderate": 3.010752688172043, "challenging": 1.3888888888888888, "total": 7.561929595827902}}