{"accuracy": {"simple": 0.10810810810810811, "moderate": 0.0, "challenging": 0.0, "total": 0.0651890482398957}}