{"accuracy": {"simple": 10.91891891891892, "moderate": 5.376344086021505, "challenging": 8.333333333333332, "total": 8.996088657105608}}