{"accuracy": {"simple": 32.972972972972975, "moderate": 15.053763440860216, "challenging": 11.11111111111111, "total": 25.488917861799216}}