{"accuracy": {"simple": 14.162162162162161, "moderate": 4.946236559139785, "challenging": 5.555555555555555, "total": 10.560625814863103}}