{"accuracy": {"simple": 7.243243243243243, "moderate": 3.4408602150537635, "challenging": 2.083333333333333, "total": 5.60625814863103}}