{"accuracy": {"simple": 27.027027027027028, "moderate": 10.53763440860215, "challenging": 13.194444444444445, "total": 20.73011734028683}}