{"accuracy": {"simple": 11.783783783783784, "moderate": 4.301075268817205, "challenging": 3.4722222222222223, "total": 8.735332464146023}}