{"accuracy": {"simple": 2.7027027027027026, "moderate": 3.4408602150537635, "challenging": 0.6944444444444444, "total": 2.737940026075619}}