{"accuracy": {"simple": 7.45945945945946, "moderate": 1.5053763440860215, "challenging": 2.7777777777777777, "total": 5.215123859191656}}