{"accuracy": {"simple": 1.6216216216216217, "moderate": 1.0752688172043012, "challenging": 1.3888888888888888, "total": 1.4341590612777053}}